{
    "commit": "ccf026ff560d878d20ed288d0c58dcc7dc5f8a3b",
    "start_epoch": 1760233487.503753,
    "end_epoch": 1760233514.860322,
    "elapsed_seconds": 27.356569,
    "model": "gpt-4o-2024-05-13",
    "input_cost_per_token": 5e-06,
    "output_cost_per_token": 1.5e-05,
    "total_input_tokens": 16673,
    "total_output_tokens": 2987,
    "total_tokens": 19660,
    "total_cost": 0.12817
}