{
    "commit": "c6ffcec099470fb88cc238662961b31f7ef1e5c1",
    "start_epoch": 1760488361.438367,
    "end_epoch": 1760488382.047597,
    "elapsed_seconds": 20.60923,
    "model": "gpt-4o-2024-05-13",
    "input_cost_per_token": 5e-06,
    "output_cost_per_token": 1.5e-05,
    "total_input_tokens": 7644,
    "total_output_tokens": 1850,
    "total_tokens": 9494,
    "total_cost": 0.06597
}