{
    "commit": "ccf026ff560d878d20ed288d0c58dcc7dc5f8a3b",
    "start_epoch": 1760233191.130027,
    "end_epoch": 1760233209.66456,
    "elapsed_seconds": 18.534533,
    "model": "gpt-4o-2024-05-13",
    "input_cost_per_token": 5e-06,
    "output_cost_per_token": 1.5e-05,
    "total_input_tokens": 7041,
    "total_output_tokens": 1778,
    "total_tokens": 8819,
    "total_cost": 0.061875
}